dataset,experiment,engine,params,seconds,result_rows,rows_per_sec
geolife,write,tsfile,,5.091555,24178078,4748663
geolife,write_prepare,tsfile,,0.930297,24178078,25989645
geolife,write_sink,tsfile,,3.000099,24178078,8059093
geolife,write_boundary,tsfile,,0.000000,24178078,0
geolife,write_flush,tsfile,,0.882882,24178078,27385393
geolife,write,parquet,,4.638827,24178078,5212109
geolife,write_prepare,parquet,,1.354603,24178078,17848831
geolife,write_sink,parquet,,3.199079,24178078,7557823
geolife,space_bytes,tsfile,,0.000000,368575782,0
geolife,space_bytes,parquet,,0.000000,436765055,0
geolife,full_scan,tsfile,,4.022554,24178078,6010628
geolife,full_scan,parquet,,0.737389,24178078,32788765
geolife,tag_filter,tsfile,000,0.012740,173870,13647834
geolife,tag_filter,parquet,000,0.026109,173870,6659378
geolife,time_filter,tsfile,10%,0.048694,3,61
geolife,time_filter,parquet,10%,0.017910,3,167
geolife,time_filter,tsfile,50%,0.027836,3,107
geolife,time_filter,parquet,50%,0.018015,3,166
geolife,time_filter,tsfile,100%,1.400496,24178078,17263934
geolife,time_filter,parquet,100%,0.482847,24178078,50074029
geolife,tag_time_filter,tsfile,000+10%,0.000860,0,0
geolife,tag_time_filter,parquet,000+10%,0.000368,0,0
geolife,tag_time_filter,tsfile,000+50%,0.000587,0,0
geolife,tag_time_filter,parquet,000+50%,0.000164,0,0
geolife,tag_time_filter,tsfile,000+100%,0.005498,173870,31626861
geolife,tag_time_filter,parquet,000+100%,0.022976,173870,7567530
