cols,threads,parallel,compression,throughput_mrows_s,time_s
4,1,0,SNAPPY,15.524,0.0001
4,2,1,SNAPPY,7.275,0.0001
4,4,1,SNAPPY,5.501,0.0002
4,8,1,SNAPPY,8.345,0.0001
8,1,0,SNAPPY,10.860,0.0001
8,2,1,SNAPPY,5.926,0.0002
8,4,1,SNAPPY,6.822,0.0001
8,8,1,SNAPPY,4.392,0.0002
16,1,0,SNAPPY,4.724,0.0002
16,2,1,SNAPPY,1.361,0.0007
16,4,1,SNAPPY,2.799,0.0004
16,8,1,SNAPPY,2.917,0.0003
4,1,0,LZ4,16.540,0.0001
4,2,1,LZ4,7.739,0.0001
4,4,1,LZ4,9.074,0.0001
4,8,1,LZ4,5.917,0.0002
8,1,0,LZ4,10.777,0.0001
8,2,1,LZ4,7.619,0.0001
8,4,1,LZ4,4.781,0.0002
8,8,1,LZ4,5.594,0.0002
16,1,0,LZ4,5.056,0.0002
16,2,1,LZ4,4.096,0.0002
16,4,1,LZ4,3.494,0.0003
16,8,1,LZ4,3.131,0.0003
